Workbook

Sheet FR_Coverage_Detail
A1: FR_ID | B1: Section | C1: Dominant Dimension | D1: Primary Actor/Owner | E1: Atomic Functional Requirement | F1: Mapped UC IDs | G1: UC Count | H1: Mapped BR IDs | I1: BR Count | J1: Mapped WF IDs | K1: WF Count | L1: Has UC | M1: Has BR | N1: Has WF | O1: Covered by Any | P1: Overlap Category | Q1: Review
A2: HM-FR-001 | B2: 3.1 | C2: Interaction | D2: Student | E2: Student submits hostel accommodation request through the system. | F2: HM-UC-010 | G2: 1 | H2: BR-HM-111 | I2: 1 | J2: HM-WF-103 | K2: 1 | L2: =IF(G2>0,1,0) -> 1 | M2: =IF(I2>0,1,0) -> 1 | N2: =IF(K2>0,1,0) -> 1 | O2: =IF(OR(L2=1,M2=1,N2=1),1,0) -> 1 | P2: =IF(O2=0,"Uncovered",_xlfn.TEXTJOIN(" + ",TRUE,IF(L2=1,"UC",""),IF(M2=1,"BR",""),IF(N2=1,"WF",""))) -> UC + BR + WF
A3: HM-FR-002 | B3: 3.1 | C3: Behavior | D3: System | E3: System records and manages hostel accommodation application details and application status. | F3: HM-UC-010 | G3: 1 | I3: 0 | J3: HM-WF-103 | K3: 1 | L3: =IF(G3>0,1,0) -> 1 | M3: =IF(I3>0,1,0) -> 0 | N3: =IF(K3>0,1,0) -> 1 | O3: =IF(OR(L3=1,M3=1,N3=1),1,0) -> 1 | P3: =IF(O3=0,"Uncovered",_xlfn.TEXTJOIN(" + ",TRUE,IF(L3=1,"UC",""),IF(M3=1,"BR",""),IF(N3=1,"WF",""))) -> UC + WF
A4: HM-FR-003 | B4: 3.1 | C4: Interaction | D4: Super Admin | E4: Super Admin performs hostel and room allotment decisions in batch-oriented institutional processes. | F4: HM-UC-011 | G4: 1 | H4: BR-HM-113 | I4: 1 | J4: HM-WF-103 | K4: 1 | L4: =IF(G4>0,1,0) -> 1 | M4: =IF(I4>0,1,0) -> 1 | N4: =IF(K4>0,1,0) -> 1 | O4: =IF(OR(L4=1,M4=1,N4=1),1,0) -> 1 | P4: =IF(O4=0,"Uncovered",_xlfn.TEXTJOIN(" + ",TRUE,IF(L4=1,"UC",""),IF(M4=1,"BR",""),IF(N4=1,"WF",""))) -> UC + BR + WF
A5: HM-FR-004 | B5: 3.1 | C5: Interaction | D5: Super Admin | E5: Super Admin performs centrally controlled room re-allotments where required. | F5: HM-UC-011 | G5: 1 | H5: BR-HM-113 | I5: 1 | J5: HM-WF-103 | K5: 1 | L5: =IF(G5>0,1,0) -> 1 | M5: =IF(I5>0,1,0) -> 1 | N5: =IF(K5>0,1,0) -> 1 | O5: =IF(OR(L5=1,M5=1,N5=1),1,0) -> 1 | P5: =IF(O5=0,"Uncovered",_xlfn.TEXTJOIN(" + ",TRUE,IF(L5=1,"UC",""),IF(M5=1,"BR",""),IF(N5=1,"WF",""))) -> UC + BR + WF
A6: HM-FR-005 | B6: 3.1 | C6: Interaction | D6: Super Admin | E6: Super Admin performs formal room-vacation updates that change institutional hostel occupancy records. | F6: HM-UC-029, HM-UC-030, HM-UC-031 | G6: 3 | H6: BR-HM-015, BR-HM-028 | I6: 2 | J6: HM-WF-109 | K6: 1 | L6: =IF(G6>0,1,0) -> 1 | M6: =IF(I6>0,1,0) -> 1 | N6: =IF(K6>0,1,0) -> 1 | O6: =IF(OR(L6=1,M6=1,N6=1),1,0) -> 1 | P6: =IF(O6=0,"Uncovered",_xlfn.TEXTJOIN(" + ",TRUE,IF(L6=1,"UC",""),IF(M6=1,"BR",""),IF(N6=1,"WF",""))) -> UC + BR + WF
A7: HM-FR-006 | B7: 3.1 | C7: Constraint | D7: System | E7: System maintains room assignment history for audit, traceability, and review. | F7: HM-UC-012 | G7: 1 | I7: 0 | J7: HM-WF-103 | K7: 1 | L7: =IF(G7>0,1,0) -> 1 | M7: =IF(I7>0,1,0) -> 0 | N7: =IF(K7>0,1,0) -> 1 | O7: =IF(OR(L7=1,M7=1,N7=1),1,0) -> 1 | P7: =IF(O7=0,"Uncovered",_xlfn.TEXTJOIN(" + ",TRUE,IF(L7=1,"UC",""),IF(M7=1,"BR",""),IF(N7=1,"WF",""))) -> UC + WF
A8: HM-FR-007 | B8: 3.1 | C8: Interaction | D8: Student | E8: Student views current room allocation information permitted to the student. | F8: HM-UC-042 | G8: 1 | H8: BR-HM-012 | I8: 1 | J8: HM-WF-103 | K8: 1 | L8: =IF(G8>0,1,0) -> 1 | M8: =IF(I8>0,1,0) -> 1 | N8: =IF(K8>0,1,0) -> 1 | O8: =IF(OR(L8=1,M8=1,N8=1),1,0) -> 1 | P8: =IF(O8=0,"Uncovered",_xlfn.TEXTJOIN(" + ",TRUE,IF(L8=1,"UC",""),IF(M8=1,"BR",""),IF(N8=1,"WF",""))) -> UC + BR + WF
A9: HM-FR-008 | B9: 3.1 | C9: Interaction | D9: Student | E9: Student views historical room allocation information permitted to the student. | F9: HM-UC-042 | G9: 1 | H9: BR-HM-012 | I9: 1 | J9: HM-WF-103 | K9: 1 | L9: =IF(G9>0,1,0) -> 1 | M9: =IF(I9>0,1,0) -> 1 | N9: =IF(K9>0,1,0) -> 1 | O9: =IF(OR(L9=1,M9=1,N9=1),1,0) -> 1 | P9: =IF(O9=0,"Uncovered",_xlfn.TEXTJOIN(" + ",TRUE,IF(L9=1,"UC",""),IF(M9=1,"BR",""),IF(N9=1,"WF",""))) -> UC + BR + WF
A10: HM-FR-009 | B10: 3.2 | C10: Interaction | D10: Caretaker | E10: Caretaker maintains hostel-level room availability information. | F10: HM-UC-015 | G10: 1 | I10: 0 | J10: HM-WF-104 | K10: 1 | L10: =IF(G10>0,1,0) -> 1 | M10: =IF(I10>0,1,0) -> 0 | N10: =IF(K10>0,1,0) -> 1 | O10: =IF(OR(L10=1,M10=1,N10=1),1,0) -> 1 | P10: =IF(O10=0,"Uncovered",_xlfn.TEXTJOIN(" + ",TRUE,IF(L10=1,"UC",""),IF(M10=1,"BR",""),IF(N10=1,"WF",""))) -> UC + WF
A11: HM-FR-010 | B11: 3.2 | C11: Interaction | D11: Caretaker | E11: Caretaker maintains hostel-level room occupancy information. | F11: HM-UC-015 | G11: 1 | I11: 0 | J11: HM-WF-104 | K11: 1 | L11: =IF(G11>0,1,0) -> 1 | M11: =IF(I11>0,1,0) -> 0 | N11: =IF(K11>0,1,0) -> 1 | O11: =IF(OR(L11=1,M11=1,N11=1),1,0) -> 1 | P11: =IF(O11=0,"Uncovered",_xlfn.TEXTJOIN(" + ",TRUE,IF(L11=1,"UC",""),IF(M11=1,"BR",""),IF(N11=1,"WF",""))) -> UC + WF
A12: HM-FR-011 | B12: 3.2 | C12: Behavior | D12: System | E12: System updates room occupancy based on approved allotments, re-allotments, vacations, and authorized individual exchanges. | F12: HM-UC-015, HM-UC-031 | G12: 2 | H12: BR-HM-117, BR-HM-023 | I12: 2 | J12: HM-WF-104, HM-WF-109 | K12: 2 | L12: =IF(G12>0,1,0) -> 1 | M12: =IF(I12>0,1,0) -> 1 | N12: =IF(K12>0,1,0) -> 1 | O12: =IF(OR(L12=1,M12=1,N12=1),1,0) -> 1 | P12: =IF(O12=0,"Uncovered",_xlfn.TEXTJOIN(" + ",TRUE,IF(L12=1,"UC",""),IF(M12=1,"BR",""),IF(N12=1,"WF",""))) -> UC + BR + WF
A13: HM-FR-012 | B13: 3.2 | C13: Interaction | D13: Caretaker | E13: Caretaker handles individual room exchange operations within authorized hostel-level scope and policy limits. | F13: HM-UC-013, HM-UC-014 | G13: 2 | H13: BR-HM-115, BR-HM-116 | I13: 2 | J13: HM-WF-104 | K13: 1 | L13: =IF(G13>0,1,0) -> 1 | M13: =IF(I13>0,1,0) -> 1 | N13: =IF(K13>0,1,0) -> 1 | O13: =IF(OR(L13=1,M13=1,N13=1),1,0) -> 1 | P13: =IF(O13=0,"Uncovered",_xlfn.TEXTJOIN(" + ",TRUE,IF(L13=1,"UC",""),IF(M13=1,"BR",""),IF(N13=1,"WF",""))) -> UC + BR + WF
A14: HM-FR-013 | B14: 3.2 | C14: Interaction | D14: Warden | E14: Warden reviews room assignments and occupancy patterns for planning, discipline, and compliance. | F14: HM-UC-014 | G14: 1 | H14: BR-HM-116 | I14: 1 | J14: HM-WF-104 | K14: 1 | L14: =IF(G14>0,1,0) -> 1 | M14: =IF(I14>0,1,0) -> 1 | N14: =IF(K14>0,1,0) -> 1 | O14: =IF(OR(L14=1,M14=1,N14=1),1,0) -> 1 | P14: =IF(O14=0,"Uncovered",_xlfn.TEXTJOIN(" + ",TRUE,IF(L14=1,"UC",""),IF(M14=1,"BR",""),IF(N14=1,"WF",""))) -> UC + BR + WF
A15: HM-FR-014 | B15: 3.2 | C15: Constraint | D15: System | E15: System prevents room occupancy from exceeding defined room capacity. | G15: 0 | H15: BR-HM-112 | I15: 1 | J15: HM-WF-103 | K15: 1 | L15: =IF(G15>0,1,0) -> 0 | M15: =IF(I15>0,1,0) -> 1 | N15: =IF(K15>0,1,0) -> 1 | O15: =IF(OR(L15=1,M15=1,N15=1),1,0) -> 1 | P15: =IF(O15=0,"Uncovered",_xlfn.TEXTJOIN(" + ",TRUE,IF(L15=1,"UC",""),IF(M15=1,"BR",""),IF(N15=1,"WF",""))) -> BR + WF | Q15: Added UC - HM-UC-015.UC015 is also relevant to the FR
A16: HM-FR-015 | B16: 3.2 | C16: Behavior | D16: System | E16: System maintains up-to-date room status information needed for hostel operations. | F16: HM-UC-015, HM-UC-031 | G16: 2 | H16: BR-HM-117, BR-HM-023 | I16: 2 | J16: HM-WF-104, HM-WF-109 | K16: 2 | L16: =IF(G16>0,1,0) -> 1 | M16: =IF(I16>0,1,0) -> 1 | N16: =IF(K16>0,1,0) -> 1 | O16: =IF(OR(L16=1,M16=1,N16=1),1,0) -> 1 | P16: =IF(O16=0,"Uncovered",_xlfn.TEXTJOIN(" + ",TRUE,IF(L16=1,"UC",""),IF(M16=1,"BR",""),IF(N16=1,"WF",""))) -> UC + BR + WF
A17: HM-FR-016 | B17: 3.3 | C17: Interaction | D17: Caretaker | E17: Caretaker records student attendance according to hostel operational practice. | F17: HM-UC-043 | G17: 1 | I17: 0 | K17: 0 | L17: =IF(G17>0,1,0) -> 1 | M17: =IF(I17>0,1,0) -> 0 | N17: =IF(K17>0,1,0) -> 0 | O17: =IF(OR(L17=1,M17=1,N17=1),1,0) -> 1 | P17: =IF(O17=0,"Uncovered",_xlfn.TEXTJOIN(" + ",TRUE,IF(L17=1,"UC",""),IF(M17=1,"BR",""),IF(N17=1,"WF",""))) -> UC
A18: HM-FR-017 | B18: 3.3 | C18: Interaction | D18: Caretaker | E18: Caretaker monitors student attendance according to hostel operational practice. | F18: HM-UC-043 | G18: 1 | I18: 0 | K18: 0 | L18: =IF(G18>0,1,0) -> 1 | M18: =IF(I18>0,1,0) -> 0 | N18: =IF(K18>0,1,0) -> 0 | O18: =IF(OR(L18=1,M18=1,N18=1),1,0) -> 1 | P18: =IF(O18=0,"Uncovered",_xlfn.TEXTJOIN(" + ",TRUE,IF(L18=1,"UC",""),IF(M18=1,"BR",""),IF(N18=1,"WF",""))) -> UC | Q18: Added UC - HM-WF-101.WF-101 is also relevant to the FR
A19: HM-FR-018 | B19: 3.3 | C19: Behavior | D19: System | E19: System links attendance information with leave decisions where applicable. | F19: HM-UC-004 | G19: 1 | H19: BR-HM-105 | I19: 1 | J19: HM-WF-101 | K19: 1 | L19: =IF(G19>0,1,0) -> 1 | M19: =IF(I19>0,1,0) -> 1 | N19: =IF(K19>0,1,0) -> 1 | O19: =IF(OR(L19=1,M19=1,N19=1),1,0) -> 1 | P19: =IF(O19=0,"Uncovered",_xlfn.TEXTJOIN(" + ",TRUE,IF(L19=1,"UC",""),IF(M19=1,"BR",""),IF(N19=1,"WF",""))) -> UC + BR + WF
A20: HM-FR-019 | B20: 3.3 | C20: Behavior | D20: System | E20: System supports disciplinary review using attendance information where applicable. | F20: HM-UC-043 | G20: 1 | I20: 0 | K20: 0 | L20: =IF(G20>0,1,0) -> 1 | M20: =IF(I20>0,1,0) -> 0 | N20: =IF(K20>0,1,0) -> 0 | O20: =IF(OR(L20=1,M20=1,N20=1),1,0) -> 1 | P20: =IF(O20=0,"Uncovered",_xlfn.TEXTJOIN(" + ",TRUE,IF(L20=1,"UC",""),IF(M20=1,"BR",""),IF(N20=1,"WF",""))) -> UC
A21: HM-FR-020 | B21: 3.3 | C21: Interaction | D21: Warden | E21: Warden views attendance summaries, trends, and exceptions for oversight. | F21: HM-UC-043 | G21: 1 | I21: 0 | K21: 0 | L21: =IF(G21>0,1,0) -> 1 | M21: =IF(I21>0,1,0) -> 0 | N21: =IF(K21>0,1,0) -> 0 | O21: =IF(OR(L21=1,M21=1,N21=1),1,0) -> 1 | P21: =IF(O21=0,"Uncovered",_xlfn.TEXTJOIN(" + ",TRUE,IF(L21=1,"UC",""),IF(M21=1,"BR",""),IF(N21=1,"WF",""))) -> UC
A22: HM-FR-021 | B22: 3.3 | C22: Constraint | D22: System | E22: System retains attendance records for reporting, monitoring, and compliance purposes. | F22: HM-UC-043 | G22: 1 | I22: 0 | K22: 0 | L22: =IF(G22>0,1,0) -> 1 | M22: =IF(I22>0,1,0) -> 0 | N22: =IF(K22>0,1,0) -> 0 | O22: =IF(OR(L22=1,M22=1,N22=1),1,0) -> 1 | P22: =IF(O22=0,"Uncovered",_xlfn.TEXTJOIN(" + ",TRUE,IF(L22=1,"UC",""),IF(M22=1,"BR",""),IF(N22=1,"WF",""))) -> UC
A23: HM-FR-022 | B23: 3.4 | C23: Interaction | D23: Student | E23: Student submits leave request with required supporting information or documents. | F23: HM-UC-001 | G23: 1 | H23: BR-HM-101, BR-HM-102, BR-HM-103, BR-HM-022 | I23: 4 | J23: HM-WF-101 | K23: 1 | L23: =IF(G23>0,1,0) -> 1 | M23: =IF(I23>0,1,0) -> 1 | N23: =IF(K23>0,1,0) -> 1 | O23: =IF(OR(L23=1,M23=1,N23=1),1,0) -> 1 | P23: =IF(O23=0,"Uncovered",_xlfn.TEXTJOIN(" + ",TRUE,IF(L23=1,"UC",""),IF(M23=1,"BR",""),IF(N23=1,"WF",""))) -> UC + BR + WF
A24: HM-FR-023 | B24: 3.4 | C24: Interaction | D24: Caretaker | E24: Caretaker approves leave request according to hostel policy. | F24: HM-UC-002 | G24: 1 | H24: BR-HM-104 | I24: 1 | J24: HM-WF-101 | K24: 1 | L24: =IF(G24>0,1,0) -> 1 | M24: =IF(I24>0,1,0) -> 1 | N24: =IF(K24>0,1,0) -> 1 | O24: =IF(OR(L24=1,M24=1,N24=1),1,0) -> 1 | P24: =IF(O24=0,"Uncovered",_xlfn.TEXTJOIN(" + ",TRUE,IF(L24=1,"UC",""),IF(M24=1,"BR",""),IF(N24=1,"WF",""))) -> UC + BR + WF
A25: HM-FR-024 | B25: 3.4 | C25: Interaction | D25: Caretaker | E25: Caretaker rejects leave request according to hostel policy. | F25: HM-UC-002 | G25: 1 | H25: BR-HM-104 | I25: 1 | J25: HM-WF-101 | K25: 1 | L25: =IF(G25>0,1,0) -> 1 | M25: =IF(I25>0,1,0) -> 1 | N25: =IF(K25>0,1,0) -> 1 | O25: =IF(OR(L25=1,M25=1,N25=1),1,0) -> 1 | P25: =IF(O25=0,"Uncovered",_xlfn.TEXTJOIN(" + ",TRUE,IF(L25=1,"UC",""),IF(M25=1,"BR",""),IF(N25=1,"WF",""))) -> UC + BR + WF
A26: HM-FR-025 | B26: 3.4 | C26: Behavior | D26: System | E26: System issues status updates to the student for submitted leave requests. | F26: HM-UC-003, HM-UC-004 | G26: 2 | I26: 0 | J26: HM-WF-101 | K26: 1 | L26: =IF(G26>0,1,0) -> 1 | M26: =IF(I26>0,1,0) -> 0 | N26: =IF(K26>0,1,0) -> 1 | O26: =IF(OR(L26=1,M26=1,N26=1),1,0) -> 1 | P26: =IF(O26=0,"Uncovered",_xlfn.TEXTJOIN(" + ",TRUE,IF(L26=1,"UC",""),IF(M26=1,"BR",""),IF(N26=1,"WF",""))) -> UC + WF
A27: HM-FR-026 | B27: 3.4 | C27: Behavior | D27: System | E27: System links leave records with attendance where applicable. | F27: HM-UC-004 | G27: 1 | H27: BR-HM-105 | I27: 1 | J27: HM-WF-101 | K27: 1 | L27: =IF(G27>0,1,0) -> 1 | M27: =IF(I27>0,1,0) -> 1 | N27: =IF(K27>0,1,0) -> 1 | O27: =IF(OR(L27=1,M27=1,N27=1),1,0) -> 1 | P27: =IF(O27=0,"Uncovered",_xlfn.TEXTJOIN(" + ",TRUE,IF(L27=1,"UC",""),IF(M27=1,"BR",""),IF(N27=1,"WF",""))) -> UC + BR + WF
A28: HM-FR-027 | B28: 3.4 | C28: Behavior | D28: System | E28: System makes leave records available to support security or supervisory planning. | F28: HM-UC-002 | G28: 1 | I28: 0 | J28: HM-WF-101 | K28: 1 | L28: =IF(G28>0,1,0) -> 1 | M28: =IF(I28>0,1,0) -> 0 | N28: =IF(K28>0,1,0) -> 1 | O28: =IF(OR(L28=1,M28=1,N28=1),1,0) -> 1 | P28: =IF(O28=0,"Uncovered",_xlfn.TEXTJOIN(" + ",TRUE,IF(L28=1,"UC",""),IF(M28=1,"BR",""),IF(N28=1,"WF",""))) -> UC + WF
A29: HM-FR-028 | B29: 3.4 | C29: Constraint | D29: System | E29: System retains leave history for audit, review, and reporting. | F29: HM-UC-003 | G29: 1 | I29: 0 | J29: HM-WF-101 | K29: 1 | L29: =IF(G29>0,1,0) -> 1 | M29: =IF(I29>0,1,0) -> 0 | N29: =IF(K29>0,1,0) -> 1 | O29: =IF(OR(L29=1,M29=1,N29=1),1,0) -> 1 | P29: =IF(O29=0,"Uncovered",_xlfn.TEXTJOIN(" + ",TRUE,IF(L29=1,"UC",""),IF(M29=1,"BR",""),IF(N29=1,"WF",""))) -> UC + WF
A30: HM-FR-029 | B30: 3.5 | C30: Interaction | D30: Student | E30: Student submits complaint related to hostel facilities, services, infrastructure, or operational issues. | F30: HM-UC-006 | G30: 1 | H30: BR-HM-106, BR-HM-022 | I30: 2 | J30: HM-WF-102 | K30: 1 | L30: =IF(G30>0,1,0) -> 1 | M30: =IF(I30>0,1,0) -> 1 | N30: =IF(K30>0,1,0) -> 1 | O30: =IF(OR(L30=1,M30=1,N30=1),1,0) -> 1 | P30: =IF(O30=0,"Uncovered",_xlfn.TEXTJOIN(" + ",TRUE,IF(L30=1,"UC",""),IF(M30=1,"BR",""),IF(N30=1,"WF",""))) -> UC + BR + WF
A31: HM-FR-030 | B31: 3.5 | C31: Behavior | D31: System | E31: System records complaint category, description, and optional attachment support where applicable. | F31: HM-UC-006 | G31: 1 | H31: BR-HM-107 | I31: 1 | J31: HM-WF-102 | K31: 1 | L31: =IF(G31>0,1,0) -> 1 | M31: =IF(I31>0,1,0) -> 1 | N31: =IF(K31>0,1,0) -> 1 | O31: =IF(OR(L31=1,M31=1,N31=1),1,0) -> 1 | P31: =IF(O31=0,"Uncovered",_xlfn.TEXTJOIN(" + ",TRUE,IF(L31=1,"UC",""),IF(M31=1,"BR",""),IF(N31=1,"WF",""))) -> UC + BR + WF | Q31: Inappropiate mapping of UC
A32: HM-FR-031 | B32: 3.5 | C32: Interaction | D32: Caretaker | E32: Caretaker reviews complaint within operational authority. | F32: HM-UC-007 | G32: 1 | H32: BR-HM-107 | I32: 1 | J32: HM-WF-102 | K32: 1 | L32: =IF(G32>0,1,0) -> 1 | M32: =IF(I32>0,1,0) -> 1 | N32: =IF(K32>0,1,0) -> 1 | O32: =IF(OR(L32=1,M32=1,N32=1),1,0) -> 1 | P32: =IF(O32=0,"Uncovered",_xlfn.TEXTJOIN(" + ",TRUE,IF(L32=1,"UC",""),IF(M32=1,"BR",""),IF(N32=1,"WF",""))) -> UC + BR + WF
A33: HM-FR-032 | B33: 3.5 | C33: Interaction | D33: Caretaker | E33: Caretaker addresses complaint within operational authority. | F33: HM-UC-007 | G33: 1 | H33: BR-HM-108 | I33: 1 | J33: HM-WF-102 | K33: 1 | L33: =IF(G33>0,1,0) -> 1 | M33: =IF(I33>0,1,0) -> 1 | N33: =IF(K33>0,1,0) -> 1 | O33: =IF(OR(L33=1,M33=1,N33=1),1,0) -> 1 | P33: =IF(O33=0,"Uncovered",_xlfn.TEXTJOIN(" + ",TRUE,IF(L33=1,"UC",""),IF(M33=1,"BR",""),IF(N33=1,"WF",""))) -> UC + BR + WF
A34: HM-FR-033 | B34: 3.5 | C34: Interaction | D34: Caretaker | E34: Caretaker updates complaint status within operational authority. | F34: HM-UC-007 | G34: 1 | H34: BR-HM-108 | I34: 1 | J34: HM-WF-102 | K34: 1 | L34: =IF(G34>0,1,0) -> 1 | M34: =IF(I34>0,1,0) -> 1 | N34: =IF(K34>0,1,0) -> 1 | O34: =IF(OR(L34=1,M34=1,N34=1),1,0) -> 1 | P34: =IF(O34=0,"Uncovered",_xlfn.TEXTJOIN(" + ",TRUE,IF(L34=1,"UC",""),IF(M34=1,"BR",""),IF(N34=1,"WF",""))) -> UC + BR + WF
A35: HM-FR-034 | B35: 3.5 | C35: Interaction | D35: Warden | E35: Warden monitors unresolved, delayed, or escalated complaints. | F35: HM-UC-008 | G35: 1 | H35: BR-HM-109, BR-HM-110 | I35: 2 | J35: HM-WF-102 | K35: 1 | L35: =IF(G35>0,1,0) -> 1 | M35: =IF(I35>0,1,0) -> 1 | N35: =IF(K35>0,1,0) -> 1 | O35: =IF(OR(L35=1,M35=1,N35=1),1,0) -> 1 | P35: =IF(O35=0,"Uncovered",_xlfn.TEXTJOIN(" + ",TRUE,IF(L35=1,"UC",""),IF(M35=1,"BR",""),IF(N35=1,"WF",""))) -> UC + BR + WF
A36: HM-FR-035 | B36: 3.5 | C36: Constraint | D36: System | E36: System tracks complaint history and resolution status for review and reporting. | F36: HM-UC-009 | G36: 1 | I36: 0 | J36: HM-WF-102 | K36: 1 | L36: =IF(G36>0,1,0) -> 1 | M36: =IF(I36>0,1,0) -> 0 | N36: =IF(K36>0,1,0) -> 1 | O36: =IF(OR(L36=1,M36=1,N36=1),1,0) -> 1 | P36: =IF(O36=0,"Uncovered",_xlfn.TEXTJOIN(" + ",TRUE,IF(L36=1,"UC",""),IF(M36=1,"BR",""),IF(N36=1,"WF",""))) -> UC + WF
A37: HM-FR-036 | B37: 3.6 | C37: Interaction | D37: Student | E37: Student submits guest room booking request through the system. | F37: HM-UC-036 | G37: 1 | H37: BR-HM-051, BR-HM-052, BR-HM-053, BR-HM-054, BR-HM-055 | I37: 5 | J37: HM-WF-112 | K37: 1 | L37: =IF(G37>0,1,0) -> 1 | M37: =IF(I37>0,1,0) -> 1 | N37: =IF(K37>0,1,0) -> 1 | O37: =IF(OR(L37=1,M37=1,N37=1),1,0) -> 1 | P37: =IF(O37=0,"Uncovered",_xlfn.TEXTJOIN(" + ",TRUE,IF(L37=1,"UC",""),IF(M37=1,"BR",""),IF(N37=1,"WF",""))) -> UC + BR + WF
A38: HM-FR-037 | B38: 3.6 | C38: Constraint | D38: System | E38: System checks guest room availability before booking approval decision is recorded. | F38: HM-UC-036 | G38: 1 | I38: 0 | J38: HM-WF-112 | K38: 1 | L38: =IF(G38>0,1,0) -> 1 | M38: =IF(I38>0,1,0) -> 0 | N38: =IF(K38>0,1,0) -> 1 | O38: =IF(OR(L38=1,M38=1,N38=1),1,0) -> 1 | P38: =IF(O38=0,"Uncovered",_xlfn.TEXTJOIN(" + ",TRUE,IF(L38=1,"UC",""),IF(M38=1,"BR",""),IF(N38=1,"WF",""))) -> UC + WF
A39: HM-FR-038 | B39: 3.6 | C39: Interaction | D39: Caretaker | E39: Caretaker approves guest room booking request within authorized scope. | F39: HM-UC-037 | G39: 1 | H39: BR-HM-051 | I39: 1 | J39: HM-WF-112 | K39: 1 | L39: =IF(G39>0,1,0) -> 1 | M39: =IF(I39>0,1,0) -> 1 | N39: =IF(K39>0,1,0) -> 1 | O39: =IF(OR(L39=1,M39=1,N39=1),1,0) -> 1 | P39: =IF(O39=0,"Uncovered",_xlfn.TEXTJOIN(" + ",TRUE,IF(L39=1,"UC",""),IF(M39=1,"BR",""),IF(N39=1,"WF",""))) -> UC + BR + WF
A40: HM-FR-039 | B40: 3.6 | C40: Interaction | D40: Caretaker | E40: Caretaker rejects guest room booking request within authorized scope. | F40: HM-UC-037 | G40: 1 | H40: BR-HM-051 | I40: 1 | J40: HM-WF-112 | K40: 1 | L40: =IF(G40>0,1,0) -> 1 | M40: =IF(I40>0,1,0) -> 1 | N40: =IF(K40>0,1,0) -> 1 | O40: =IF(OR(L40=1,M40=1,N40=1),1,0) -> 1 | P40: =IF(O40=0,"Uncovered",_xlfn.TEXTJOIN(" + ",TRUE,IF(L40=1,"UC",""),IF(M40=1,"BR",""),IF(N40=1,"WF",""))) -> UC + BR + WF
A41: HM-FR-040 | B41: 3.6 | C41: Constraint | D41: System | E41: System maintains guest room booking history for audit, planning, and security purposes. | F41: HM-UC-037 | G41: 1 | I41: 0 | J41: HM-WF-112 | K41: 1 | L41: =IF(G41>0,1,0) -> 1 | M41: =IF(I41>0,1,0) -> 0 | N41: =IF(K41>0,1,0) -> 1 | O41: =IF(OR(L41=1,M41=1,N41=1),1,0) -> 1 | P41: =IF(O41=0,"Uncovered",_xlfn.TEXTJOIN(" + ",TRUE,IF(L41=1,"UC",""),IF(M41=1,"BR",""),IF(N41=1,"WF",""))) -> UC + WF
A42: HM-FR-041 | B42: 3.7 | C42: Interaction | D42: Student | E42: Student submits extended-stay request during vacations or semester breaks within the defined application window. | F42: HM-UC-038 | G42: 1 | H42: BR-HM-022, BR-HM-061, BR-HM-062, BR-HM-063 | I42: 4 | J42: HM-WF-113 | K42: 1 | L42: =IF(G42>0,1,0) -> 1 | M42: =IF(I42>0,1,0) -> 1 | N42: =IF(K42>0,1,0) -> 1 | O42: =IF(OR(L42=1,M42=1,N42=1),1,0) -> 1 | P42: =IF(O42=0,"Uncovered",_xlfn.TEXTJOIN(" + ",TRUE,IF(L42=1,"UC",""),IF(M42=1,"BR",""),IF(N42=1,"WF",""))) -> UC + BR + WF
A43: HM-FR-042 | B43: 3.7 | C43: Behavior | D43: System | E43: System records extended-stay request details, requested period, and decision status. | F43: HM-UC-038 | G43: 1 | I43: 0 | J43: HM-WF-113 | K43: 1 | L43: =IF(G43>0,1,0) -> 1 | M43: =IF(I43>0,1,0) -> 0 | N43: =IF(K43>0,1,0) -> 1 | O43: =IF(OR(L43=1,M43=1,N43=1),1,0) -> 1 | P43: =IF(O43=0,"Uncovered",_xlfn.TEXTJOIN(" + ",TRUE,IF(L43=1,"UC",""),IF(M43=1,"BR",""),IF(N43=1,"WF",""))) -> UC + WF
A44: HM-FR-043 | B44: 3.7 | C44: Constraint | D44: System | E44: System records applicable payment, charge, or fee amount for extended stay according to policy where such charges apply. | F44: HM-UC-038, HM-UC-040 | G44: 2 | H44: BR-HM-064 | I44: 1 | J44: HM-WF-113 | K44: 1 | L44: =IF(G44>0,1,0) -> 1 | M44: =IF(I44>0,1,0) -> 1 | N44: =IF(K44>0,1,0) -> 1 | O44: =IF(OR(L44=1,M44=1,N44=1),1,0) -> 1 | P44: =IF(O44=0,"Uncovered",_xlfn.TEXTJOIN(" + ",TRUE,IF(L44=1,"UC",""),IF(M44=1,"BR",""),IF(N44=1,"WF",""))) -> UC + BR + WF
A45: HM-FR-044 | B45: 3.7 | C45: Behavior | D45: System | E45: System records payment/deadline compliance information relevant to the extended-stay decision and continuation of stay. | F45: HM-UC-040 | G45: 1 | H45: BR-HM-073 | I45: 1 | J45: HM-WF-113 | K45: 1 | L45: =IF(G45>0,1,0) -> 1 | M45: =IF(I45>0,1,0) -> 1 | N45: =IF(K45>0,1,0) -> 1 | O45: =IF(OR(L45=1,M45=1,N45=1),1,0) -> 1 | P45: =IF(O45=0,"Uncovered",_xlfn.TEXTJOIN(" + ",TRUE,IF(L45=1,"UC",""),IF(M45=1,"BR",""),IF(N45=1,"WF",""))) -> UC + BR + WF
A46: HM-FR-045 | B46: 3.7 | C46: Interaction | D46: Authorized role | E46: Extended-stay request is approved according to defined hostel policy and authorized role responsibility. | F46: HM-UC-039 | G46: 1 | H46: BR-HM-061, BR-HM-063, BR-HM-066, BR-HM-067 | I46: 4 | J46: HM-WF-113 | K46: 1 | L46: =IF(G46>0,1,0) -> 1 | M46: =IF(I46>0,1,0) -> 1 | N46: =IF(K46>0,1,0) -> 1 | O46: =IF(OR(L46=1,M46=1,N46=1),1,0) -> 1 | P46: =IF(O46=0,"Uncovered",_xlfn.TEXTJOIN(" + ",TRUE,IF(L46=1,"UC",""),IF(M46=1,"BR",""),IF(N46=1,"WF",""))) -> UC + BR + WF
A47: HM-FR-046 | B47: 3.7 | C47: Interaction | D47: Authorized role | E47: Extended-stay request is rejected according to defined hostel policy and authorized role responsibility. | F47: HM-UC-039 | G47: 1 | H47: BR-HM-061, BR-HM-063, BR-HM-066, BR-HM-067 | I47: 4 | J47: HM-WF-113 | K47: 1 | L47: =IF(G47>0,1,0) -> 1 | M47: =IF(I47>0,1,0) -> 1 | N47: =IF(K47>0,1,0) -> 1 | O47: =IF(OR(L47=1,M47=1,N47=1),1,0) -> 1 | P47: =IF(O47=0,"Uncovered",_xlfn.TEXTJOIN(" + ",TRUE,IF(L47=1,"UC",""),IF(M47=1,"BR",""),IF(N47=1,"WF",""))) -> UC + BR + WF
A48: HM-FR-047 | B48: 3.8 | C48: Interaction | D48: Caretaker | E48: Caretaker imposes fine for hostel rule violation, damage, or other authorized disciplinary reason within authorized scope. | F48: HM-UC-016 | G48: 1 | H48: BR-HM-013 | I48: 1 | J48: HM-WF-105 | K48: 1 | L48: =IF(G48>0,1,0) -> 1 | M48: =IF(I48>0,1,0) -> 1 | N48: =IF(K48>0,1,0) -> 1 | O48: =IF(OR(L48=1,M48=1,N48=1),1,0) -> 1 | P48: =IF(O48=0,"Uncovered",_xlfn.TEXTJOIN(" + ",TRUE,IF(L48=1,"UC",""),IF(M48=1,"BR",""),IF(N48=1,"WF",""))) -> UC + BR + WF
A49: HM-FR-048 | B49: 3.8 | C49: Behavior | D49: System | E49: System records each fine with reason, amount, date, and affected student reference. | F49: HM-UC-016 | G49: 1 | H49: BR-HM-013, BR-HM-014 | I49: 2 | J49: HM-WF-105 | K49: 1 | L49: =IF(G49>0,1,0) -> 1 | M49: =IF(I49>0,1,0) -> 1 | N49: =IF(K49>0,1,0) -> 1 | O49: =IF(OR(L49=1,M49=1,N49=1),1,0) -> 1 | P49: =IF(O49=0,"Uncovered",_xlfn.TEXTJOIN(" + ",TRUE,IF(L49=1,"UC",""),IF(M49=1,"BR",""),IF(N49=1,"WF",""))) -> UC + BR + WF
A50: HM-FR-049 | B50: 3.8 | C50: Interaction | D50: Student | E50: Student views imposed fines and fine history relevant to the student. | F50: HM-UC-017 | G50: 1 | H50: BR-HM-012 | I50: 1 | J50: HM-WF-105 | K50: 1 | L50: =IF(G50>0,1,0) -> 1 | M50: =IF(I50>0,1,0) -> 1 | N50: =IF(K50>0,1,0) -> 1 | O50: =IF(OR(L50=1,M50=1,N50=1),1,0) -> 1 | P50: =IF(O50=0,"Uncovered",_xlfn.TEXTJOIN(" + ",TRUE,IF(L50=1,"UC",""),IF(M50=1,"BR",""),IF(N50=1,"WF",""))) -> UC + BR + WF
A51: HM-FR-050 | B51: 3.8 | C51: Interaction | D51: Warden | E51: Warden reviews fine summaries and disciplinary patterns for oversight. | F51: HM-UC-018 | G51: 1 | H51: BR-HM-014 | I51: 1 | J51: HM-WF-105 | K51: 1 | L51: =IF(G51>0,1,0) -> 1 | M51: =IF(I51>0,1,0) -> 1 | N51: =IF(K51>0,1,0) -> 1 | O51: =IF(OR(L51=1,M51=1,N51=1),1,0) -> 1 | P51: =IF(O51=0,"Uncovered",_xlfn.TEXTJOIN(" + ",TRUE,IF(L51=1,"UC",""),IF(M51=1,"BR",""),IF(N51=1,"WF",""))) -> UC + BR + WF
A52: HM-FR-051 | B52: 3.9 | C52: Interaction | D52: Caretaker | E52: Caretaker maintains hostel inventory records relevant to hostel operations. | F52: HM-UC-026, HM-UC-028 | G52: 2 | H52: BR-HM-021, BR-HM-030 | I52: 2 | J52: HM-WF-108 | K52: 1 | L52: =IF(G52>0,1,0) -> 1 | M52: =IF(I52>0,1,0) -> 1 | N52: =IF(K52>0,1,0) -> 1 | O52: =IF(OR(L52=1,M52=1,N52=1),1,0) -> 1 | P52: =IF(O52=0,"Uncovered",_xlfn.TEXTJOIN(" + ",TRUE,IF(L52=1,"UC",""),IF(M52=1,"BR",""),IF(N52=1,"WF",""))) -> UC + BR + WF
A53: HM-FR-052 | B53: 3.9 | C53: Behavior | D53: Authorized role | E53: Operational staff-related information needed for hostel functioning is available for coordination within authorized roles. | F53: HM-UC-023 | G53: 1 | I53: 0 | J53: HM-WF-108 | K53: 1 | L53: =IF(G53>0,1,0) -> 1 | M53: =IF(I53>0,1,0) -> 0 | N53: =IF(K53>0,1,0) -> 1 | O53: =IF(OR(L53=1,M53=1,N53=1),1,0) -> 1 | P53: =IF(O53=0,"Uncovered",_xlfn.TEXTJOIN(" + ",TRUE,IF(L53=1,"UC",""),IF(M53=1,"BR",""),IF(N53=1,"WF",""))) -> UC + WF | Q53: Not Appropiate mapping of UC
A54: HM-FR-053 | B54: 3.9 | C54: Interaction | D54: Warden/Super Admin | E54: Warden and Super Admin review relevant staff assignments or operational shift information. | F54: HM-UC-023, HM-UC-024 | G54: 2 | I54: 0 | J54: HM-WF-107, HM-WF-108 | K54: 2 | L54: =IF(G54>0,1,0) -> 1 | M54: =IF(I54>0,1,0) -> 0 | N54: =IF(K54>0,1,0) -> 1 | O54: =IF(OR(L54=1,M54=1,N54=1),1,0) -> 1 | P54: =IF(O54=0,"Uncovered",_xlfn.TEXTJOIN(" + ",TRUE,IF(L54=1,"UC",""),IF(M54=1,"BR",""),IF(N54=1,"WF",""))) -> UC + WF | Q54: Not Appropiate mapping of UC
A55: HM-FR-054 | B55: 3.9 | C55: Constraint | D55: System | E55: System logs inventory updates and usage-relevant changes for accountability. | F55: HM-UC-026, HM-UC-028 | G55: 2 | H55: BR-HM-021, BR-HM-031 | I55: 2 | J55: HM-WF-108 | K55: 1 | L55: =IF(G55>0,1,0) -> 1 | M55: =IF(I55>0,1,0) -> 1 | N55: =IF(K55>0,1,0) -> 1 | O55: =IF(OR(L55=1,M55=1,N55=1),1,0) -> 1 | P55: =IF(O55=0,"Uncovered",_xlfn.TEXTJOIN(" + ",TRUE,IF(L55=1,"UC",""),IF(M55=1,"BR",""),IF(N55=1,"WF",""))) -> UC + BR + WF
A56: HM-FR-055 | B56: 3.10 | C56: Interaction | D56: Warden | E56: Warden manages or supervises security guard shift schedules. | F56: HM-UC-024 | G56: 1 | H56: BR-HM-016, BR-HM-026 | I56: 2 | J56: HM-WF-107 | K56: 1 | L56: =IF(G56>0,1,0) -> 1 | M56: =IF(I56>0,1,0) -> 1 | N56: =IF(K56>0,1,0) -> 1 | O56: =IF(OR(L56=1,M56=1,N56=1),1,0) -> 1 | P56: =IF(O56=0,"Uncovered",_xlfn.TEXTJOIN(" + ",TRUE,IF(L56=1,"UC",""),IF(M56=1,"BR",""),IF(N56=1,"WF",""))) -> UC + BR + WF
A57: HM-FR-056 | B57: 3.10 | C57: Behavior | D57: System | E57: System allows guard schedules to be updated in response to occupancy conditions, events, incidents, or operational needs. | F57: HM-UC-024 | G57: 1 | H57: BR-HM-016, BR-HM-026 | I57: 2 | J57: HM-WF-107 | K57: 1 | L57: =IF(G57>0,1,0) -> 1 | M57: =IF(I57>0,1,0) -> 1 | N57: =IF(K57>0,1,0) -> 1 | O57: =IF(OR(L57=1,M57=1,N57=1),1,0) -> 1 | P57: =IF(O57=0,"Uncovered",_xlfn.TEXTJOIN(" + ",TRUE,IF(L57=1,"UC",""),IF(M57=1,"BR",""),IF(N57=1,"WF",""))) -> UC + BR + WF
A58: HM-FR-057 | B58: 3.10 | C58: Constraint | D58: System | E58: System maintains security-related records to support monitoring, incident investigation, and compliance review. | F58: HM-UC-025 | G58: 1 | H58: BR-HM-026, BR-HM-027 | I58: 2 | J58: HM-WF-107 | K58: 1 | L58: =IF(G58>0,1,0) -> 1 | M58: =IF(I58>0,1,0) -> 1 | N58: =IF(K58>0,1,0) -> 1 | O58: =IF(OR(L58=1,M58=1,N58=1),1,0) -> 1 | P58: =IF(O58=0,"Uncovered",_xlfn.TEXTJOIN(" + ",TRUE,IF(L58=1,"UC",""),IF(M58=1,"BR",""),IF(N58=1,"WF",""))) -> UC + BR + WF
A59: HM-FR-058 | B59: 3.11 | C59: Interaction | D59: Caretaker/Warden | E59: Caretaker and Warden publish hostel notices and announcements within their authority. | F59: HM-UC-032 | G59: 1 | H59: BR-HM-022, BR-HM-029, BR-HM-033 | I59: 3 | J59: HM-WF-110 | K59: 1 | L59: =IF(G59>0,1,0) -> 1 | M59: =IF(I59>0,1,0) -> 1 | N59: =IF(K59>0,1,0) -> 1 | O59: =IF(OR(L59=1,M59=1,N59=1),1,0) -> 1 | P59: =IF(O59=0,"Uncovered",_xlfn.TEXTJOIN(" + ",TRUE,IF(L59=1,"UC",""),IF(M59=1,"BR",""),IF(N59=1,"WF",""))) -> UC + BR + WF
A60: HM-FR-059 | B60: 3.11 | C60: Behavior | D60: System | E60: System provides students visibility or notification for relevant notices and announcements. | F60: HM-UC-033 | G60: 1 | H60: BR-HM-012, BR-HM-033, BR-HM-035, BR-HM-039 | I60: 4 | J60: HM-WF-110 | K60: 1 | L60: =IF(G60>0,1,0) -> 1 | M60: =IF(I60>0,1,0) -> 1 | N60: =IF(K60>0,1,0) -> 1 | O60: =IF(OR(L60=1,M60=1,N60=1),1,0) -> 1 | P60: =IF(O60=0,"Uncovered",_xlfn.TEXTJOIN(" + ",TRUE,IF(L60=1,"UC",""),IF(M60=1,"BR",""),IF(N60=1,"WF",""))) -> UC + BR + WF
A61: HM-FR-060 | B61: 3.11 | C61: Constraint | D61: System | E61: System maintains notice history for reference, transparency, and auditability. | F61: HM-UC-033 | G61: 1 | H61: BR-HM-033, BR-HM-035 | I61: 2 | J61: HM-WF-110 | K61: 1 | L61: =IF(G61>0,1,0) -> 1 | M61: =IF(I61>0,1,0) -> 1 | N61: =IF(K61>0,1,0) -> 1 | O61: =IF(OR(L61=1,M61=1,N61=1),1,0) -> 1 | P61: =IF(O61=0,"Uncovered",_xlfn.TEXTJOIN(" + ",TRUE,IF(L61=1,"UC",""),IF(M61=1,"BR",""),IF(N61=1,"WF",""))) -> UC + BR + WF
A62: HM-FR-061 | B62: 3.11 | C62: Behavior | D62: System | E62: System provides a notice board as a default hostel information surface for module users. | F62: HM-UC-033 | G62: 1 | H62: BR-HM-035, BR-HM-039 | I62: 2 | J62: HM-WF-110 | K62: 1 | L62: =IF(G62>0,1,0) -> 1 | M62: =IF(I62>0,1,0) -> 1 | N62: =IF(K62>0,1,0) -> 1 | O62: =IF(OR(L62=1,M62=1,N62=1),1,0) -> 1 | P62: =IF(O62=0,"Uncovered",_xlfn.TEXTJOIN(" + ",TRUE,IF(L62=1,"UC",""),IF(M62=1,"BR",""),IF(N62=1,"WF",""))) -> UC + BR + WF
A63: HM-FR-062 | B63: 3.12 | C63: Behavior | D63: System | E63: System supports occupancy and room utilization reporting. | F63: HM-UC-034 | G63: 1 | H63: BR-HM-040, BR-HM-043, BR-HM-044, BR-HM-050 | I63: 4 | J63: HM-WF-111 | K63: 1 | L63: =IF(G63>0,1,0) -> 1 | M63: =IF(I63>0,1,0) -> 1 | N63: =IF(K63>0,1,0) -> 1 | O63: =IF(OR(L63=1,M63=1,N63=1),1,0) -> 1 | P63: =IF(O63=0,"Uncovered",_xlfn.TEXTJOIN(" + ",TRUE,IF(L63=1,"UC",""),IF(M63=1,"BR",""),IF(N63=1,"WF",""))) -> UC + BR + WF
A64: HM-FR-063 | B64: 3.12 | C64: Behavior | D64: System | E64: System supports attendance and leave summary reporting. | F64: HM-UC-005, HM-UC-034 | G64: 2 | H64: BR-HM-040, BR-HM-043, BR-HM-044, BR-HM-050 | I64: 4 | J64: HM-WF-111 | K64: 1 | L64: =IF(G64>0,1,0) -> 1 | M64: =IF(I64>0,1,0) -> 1 | N64: =IF(K64>0,1,0) -> 1 | O64: =IF(OR(L64=1,M64=1,N64=1),1,0) -> 1 | P64: =IF(O64=0,"Uncovered",_xlfn.TEXTJOIN(" + ",TRUE,IF(L64=1,"UC",""),IF(M64=1,"BR",""),IF(N64=1,"WF",""))) -> UC + BR + WF
A65: HM-FR-064 | B65: 3.12 | C65: Behavior | D65: System | E65: System supports fine and disciplinary summary reporting. | F65: HM-UC-018, HM-UC-034 | G65: 2 | H65: BR-HM-040, BR-HM-043, BR-HM-044, BR-HM-050 | I65: 4 | J65: HM-WF-105, HM-WF-111 | K65: 2 | L65: =IF(G65>0,1,0) -> 1 | M65: =IF(I65>0,1,0) -> 1 | N65: =IF(K65>0,1,0) -> 1 | O65: =IF(OR(L65=1,M65=1,N65=1),1,0) -> 1 | P65: =IF(O65=0,"Uncovered",_xlfn.TEXTJOIN(" + ",TRUE,IF(L65=1,"UC",""),IF(M65=1,"BR",""),IF(N65=1,"WF",""))) -> UC + BR + WF
A66: HM-FR-065 | B66: 3.12 | C66: Behavior | D66: System | E66: System supports complaint and resolution statistics reporting. | F66: HM-UC-009, HM-UC-034 | G66: 2 | H66: BR-HM-040, BR-HM-043, BR-HM-044, BR-HM-050 | I66: 4 | J66: HM-WF-111 | K66: 1 | L66: =IF(G66>0,1,0) -> 1 | M66: =IF(I66>0,1,0) -> 1 | N66: =IF(K66>0,1,0) -> 1 | O66: =IF(OR(L66=1,M66=1,N66=1),1,0) -> 1 | P66: =IF(O66=0,"Uncovered",_xlfn.TEXTJOIN(" + ",TRUE,IF(L66=1,"UC",""),IF(M66=1,"BR",""),IF(N66=1,"WF",""))) -> UC + BR + WF
... A70: HM-FR-069 | B70: 3.13 | C70: Behavior | D70: System | E70: System issues room allotment and room allocation change notifications or status updates. | F70: HM-UC-012, HM-UC-015 | G70: 2 | H70: BR-HM-114, BR-HM-118 | I70: 2 | J70: HM-WF-103, HM-WF-104 | K70: 2 | L70: =IF(G70>0,1,0) -> 1 | M70: =IF(I70>0,1,0) -> 1 | N70: =IF(K70>0,1,0) -> 1 | O70: =IF(OR(L70=1,M70=1,N70=1),1,0) -> 1 | P70: =IF(O70=0,"Uncovered",_xlfn.TEXTJOIN(" + ",TRUE,IF(L70=1,"UC",""),IF(M70=1,"BR",""),IF(N70=1,"WF",""))) -> UC + BR + WF
A71: HM-FR-070 | B71: 3.13 | C71: Behavior | D71: System | E71: System issues leave request submission and leave decision notifications or status updates. | F71: HM-UC-004 | G71: 1 | I71: 0 | K71: 0 | L71: =IF(G71>0,1,0) -> 1 | M71: =IF(I71>0,1,0) -> 0 | N71: =IF(K71>0,1,0) -> 0 | O71: =IF(OR(L71=1,M71=1,N71=1),1,0) -> 1 | P71: =IF(O71=0,"Uncovered",_xlfn.TEXTJOIN(" + ",TRUE,IF(L71=1,"UC",""),IF(M71=1,"BR",""),IF(N71=1,"WF",""))) -> UC
A72: HM-FR-071 | B72: 3.13 | C72: Behavior | D72: System | E72: System issues complaint submission, update, and resolution notifications or status updates. | G72: 0 | I72: 0 | J72: HM-WF-102 | K72: 1 | L72: =IF(G72>0,1,0) -> 0 | M72: =IF(I72>0,1,0) -> 0 | N72: =IF(K72>0,1,0) -> 1 | O72: =IF(OR(L72=1,M72=1,N72=1),1,0) -> 1 | P72: =IF(O72=0,"Uncovered",_xlfn.TEXTJOIN(" + ",TRUE,IF(L72=1,"UC",""),IF(M72=1,"BR",""),IF(N72=1,"WF",""))) -> WF
A73: HM-FR-072 | B73: 3.13 | C73: Behavior | D73: System | E73: System issues guest room booking status notifications or status updates. | F73: HM-UC-037 | G73: 1 | I73: 0 | J73: HM-WF-112 | K73: 1 | L73: =IF(G73>0,1,0) -> 1 | M73: =IF(I73>0,1,0) -> 0 | N73: =IF(K73>0,1,0) -> 1 | O73: =IF(OR(L73=1,M73=1,N73=1),1,0) -> 1 | P73: =IF(O73=0,"Uncovered",_xlfn.TEXTJOIN(" + ",TRUE,IF(L73=1,"UC",""),IF(M73=1,"BR",""),IF(N73=1,"WF",""))) -> UC + WF
A74: HM-FR-073 | B74: 3.13 | C74: Behavior | D74: System | E74: System issues extended-stay request status and payment/deadline alerts where applicable. | F74: HM-UC-040 | G74: 1 | H74: BR-HM-073 | I74: 1 | J74: HM-WF-113 | K74: 1 | L74: =IF(G74>0,1,0) -> 1 | M74: =IF(I74>0,1,0) -> 1 | N74: =IF(K74>0,1,0) -> 1 | O74: =IF(OR(L74=1,M74=1,N74=1),1,0) -> 1 | P74: =IF(O74=0,"Uncovered",_xlfn.TEXTJOIN(" + ",TRUE,IF(L74=1,"UC",""),IF(M74=1,"BR",""),IF(N74=1,"WF",""))) -> UC + BR + WF
A75: HM-FR-074 | B75: 3.13 | C75: Behavior | D75: System | E75: System issues fine imposition notifications or status updates. | F75: HM-UC-016 | G75: 1 | I75: 0 | J75: HM-WF-105 | K75: 1 | L75: =IF(G75>0,1,0) -> 1 | M75: =IF(I75>0,1,0) -> 0 | N75: =IF(K75>0,1,0) -> 1 | O75: =IF(OR(L75=1,M75=1,N75=1),1,0) -> 1 | P75: =IF(O75=0,"Uncovered",_xlfn.TEXTJOIN(" + ",TRUE,IF(L75=1,"UC",""),IF(M75=1,"BR",""),IF(N75=1,"WF",""))) -> UC + WF
A76: HM-FR-075 | B76: 3.13 | C76: Behavior | D76: System | E76: System issues notice and announcement visibility/notification updates. | F76: HM-UC-032 | G76: 1 | I76: 0 | J76: HM-WF-110 | K76: 1 | L76: =IF(G76>0,1,0) -> 1 | M76: =IF(I76>0,1,0) -> 0 | N76: =IF(K76>0,1,0) -> 1 | O76: =IF(OR(L76=1,M76=1,N76=1),1,0) -> 1 | P76: =IF(O76=0,"Uncovered",_xlfn.TEXTJOIN(" + ",TRUE,IF(L76=1,"UC",""),IF(M76=1,"BR",""),IF(N76=1,"WF",""))) -> UC + WF
A77: HM-FR-076 | B77: 3.14 | C77: Interaction | D77: Super Admin | E77: Super Admin assigns Warden roles for hostels. | F77: HM-UC-021 | G77: 1 | I77: 0 | J77: HM-WF-106 | K77: 1 | L77: =IF(G77>0,1,0) -> 1 | M77: =IF(I77>0,1,0) -> 0 | N77: =IF(K77>0,1,0) -> 1 | O77: =IF(OR(L77=1,M77=1,N77=1),1,0) -> 1 | P77: =IF(O77=0,"Uncovered",_xlfn.TEXTJOIN(" + ",TRUE,IF(L77=1,"UC",""),IF(M77=1,"BR",""),IF(N77=1,"WF",""))) -> UC + WF
A78: HM-FR-077 | B78: 3.14 | C78: Interaction | D78: Super Admin | E78: Super Admin reassigns Warden roles for hostels. | F78: HM-UC-023 | G78: 1 | I78: 0 | J78: HM-WF-106 | K78: 1 | L78: =IF(G78>0,1,0) -> 1 | M78: =IF(I78>0,1,0) -> 0 | N78: =IF(K78>0,1,0) -> 1 | O78: =IF(OR(L78=1,M78=1,N78=1),1,0) -> 1 | P78: =IF(O78=0,"Uncovered",_xlfn.TEXTJOIN(" + ",TRUE,IF(L78=1,"UC",""),IF(M78=1,"BR",""),IF(N78=1,"WF",""))) -> UC + WF
A79: HM-FR-078 | B79: 3.14 | C79: Interaction | D79: Super Admin | E79: Super Admin assigns Caretaker roles for hostels. | F79: HM-UC-022 | G79: 1 | I79: 0 | J79: HM-WF-106 | K79: 1 | L79: =IF(G79>0,1,0) -> 1 | M79: =IF(I79>0,1,0) -> 0 | N79: =IF(K79>0,1,0) -> 1 | O79: =IF(OR(L79=1,M79=1,N79=1),1,0) -> 1 | P79: =IF(O79=0,"Uncovered",_xlfn.TEXTJOIN(" + ",TRUE,IF(L79=1,"UC",""),IF(M79=1,"BR",""),IF(N79=1,"WF",""))) -> UC + WF
A80: HM-FR-079 | B80: 3.14 | C80: Interaction | D80: Super Admin | E80: Super Admin reassigns Caretaker roles for hostels. | F80: HM-UC-023 | G80: 1 | I80: 0 | J80: HM-WF-106 | K80: 1 | L80: =IF(G80>0,1,0) -> 1 | M80: =IF(I80>0,1,0) -> 0 | N80: =IF(K80>0,1,0) -> 1 | O80: =IF(OR(L80=1,M80=1,N80=1),1,0) -> 1 | P80: =IF(O80=0,"Uncovered",_xlfn.TEXTJOIN(" + ",TRUE,IF(L80=1,"UC",""),IF(M80=1,"BR",""),IF(N80=1,"WF",""))) -> UC + WF
A81: HM-FR-080 | B81: 3.14 | C81: Constraint | D81: System | E81: System supports hostel-specific role assignment. | F81: HM-UC-021, HM-UC-022 | G81: 2 | H81: BR-HM-019 | I81: 1 | J81: HM-WF-106 | K81: 1 | L81: =IF(G81>0,1,0) -> 1 | M81: =IF(I81>0,1,0) -> 1 | N81: =IF(K81>0,1,0) -> 1 | O81: =IF(OR(L81=1,M81=1,N81=1),1,0) -> 1 | P81: =IF(O81=0,"Uncovered",_xlfn.TEXTJOIN(" + ",TRUE,IF(L81=1,"UC",""),IF(M81=1,"BR",""),IF(N81=1,"WF",""))) -> UC + BR + WF
A82: HM-FR-081 | B82: 3.14 | C82: Constraint | D82: System | E82: System supports time-bound roles where configured. | F82: HM-UC-021, HM-UC-022 | G82: 2 | H82: BR-HM-019 | I82: 1 | J82: HM-WF-106 | K82: 1 | L82: =IF(G82>0,1,0) -> 1 | M82: =IF(I82>0,1,0) -> 1 | N82: =IF(K82>0,1,0) -> 1 | O82: =IF(OR(L82=1,M82=1,N82=1),1,0) -> 1 | P82: =IF(O82=0,"Uncovered",_xlfn.TEXTJOIN(" + ",TRUE,IF(L82=1,"UC",""),IF(M82=1,"BR",""),IF(N82=1,"WF",""))) -> UC + BR + WF
A83: HM-FR-082 | B83: 3.14 | C83: Behavior | D83: System | E83: System applies configured administrative rules when role changes take effect. | F83: HM-UC-023 | G83: 1 | I83: 0 | J83: HM-WF-106 | K83: 1 | L83: =IF(G83>0,1,0) -> 1 | M83: =IF(I83>0,1,0) -> 0 | N83: =IF(K83>0,1,0) -> 1 | O83: =IF(OR(L83=1,M83=1,N83=1),1,0) -> 1 | P83: =IF(O83=0,"Uncovered",_xlfn.TEXTJOIN(" + ",TRUE,IF(L83=1,"UC",""),IF(M83=1,"BR",""),IF(N83=1,"WF",""))) -> UC + WF | Q83: Inappropiate mapping of UC
A84: HM-FR-083 | B84: 3.14 | C84: Behavior | D84: System | E84: System supports controlled transfer of pending operational responsibilities to newly assigned personnel. | F84: HM-UC-023 | G84: 1 | I84: 0 | J84: HM-WF-106 | K84: 1 | L84: =IF(G84>0,1,0) -> 1 | M84: =IF(I84>0,1,0) -> 0 | N84: =IF(K84>0,1,0) -> 1 | O84: =IF(OR(L84=1,M84=1,N84=1),1,0) -> 1 | P84: =IF(O84=0,"Uncovered",_xlfn.TEXTJOIN(" + ",TRUE,IF(L84=1,"UC",""),IF(M84=1,"BR",""),IF(N84=1,"WF",""))) -> UC + WF
A85: HM-FR-084 | B85: 3.14 | C85: Constraint | D85: System | E85: RBAC ensures users access only hostel data and functions permitted for their role. | G85: 0 | H85: BR-HM-012, BR-HM-039, BR-HM-040 | I85: 3 | J85: HM-WF-106 | K85: 1 | L85: =IF(G85>0,1,0) -> 0 | M85: =IF(I85>0,1,0) -> 1 | N85: =IF(K85>0,1,0) -> 1 | O85: =IF(OR(L85=1,M85=1,N85=1),1,0) -> 1 | P85: =IF(O85=0,"Uncovered",_xlfn.TEXTJOIN(" + ",TRUE,IF(L85=1,"UC",""),IF(M85=1,"BR",""),IF(N85=1,"WF",""))) -> BR + WF
A86: HM-FR-085 | B86: 3.0 | C86: Interaction | D86: Super Admin | E86: Super Admin creates hostels in the system. | F86: HM-UC-019 | G86: 1 | H86: BR-HM-025 | I86: 1 | J86: HM-WF-106 | K86: 1 | L86: =IF(G86>0,1,0) -> 1 | M86: =IF(I86>0,1,0) -> 1 | N86: =IF(K86>0,1,0) -> 1 | O86: =IF(OR(L86=1,M86=1,N86=1),1,0) -> 1 | P86: =IF(O86=0,"Uncovered",_xlfn.TEXTJOIN(" + ",TRUE,IF(L86=1,"UC",""),IF(M86=1,"BR",""),IF(N86=1,"WF",""))) -> UC + BR + WF
A87: HM-FR-086 | B87: 3.0 | C87: Interaction | D87: Super Admin | E87: Super Admin activates and deactivates hostels in the system. | F87: HM-UC-020 | G87: 1 | H87: BR-HM-008, BR-HM-025 | I87: 2 | J87: HM-WF-106 | K87: 1 | L87: =IF(G87>0,1,0) -> 1 | M87: =IF(I87>0,1,0) -> 1 | N87: =IF(K87>0,1,0) -> 1 | O87: =IF(OR(L87=1,M87=1,N87=1),1,0) -> 1 | P87: =IF(O87=0,"Uncovered",_xlfn.TEXTJOIN(" + ",TRUE,IF(L87=1,"UC",""),IF(M87=1,"BR",""),IF(N87=1,"WF",""))) -> UC + BR + WF
A88: HM-FR-087 | B88: 3.0 | C88: Interaction | D88: Super Admin | E88: Super Admin activates and deactivates Warden role assignments for hostels as required by administrative policy. | F88: HM-UC-021 | G88: 1 | H88: BR-HM-019 | I88: 1 | J88: HM-WF-106 | K88: 1 | L88: =IF(G88>0,1,0) -> 1 | M88: =IF(I88>0,1,0) -> 1 | N88: =IF(K88>0,1,0) -> 1 | O88: =IF(OR(L88=1,M88=1,N88=1),1,0) -> 1 | P88: =IF(O88=0,"Uncovered",_xlfn.TEXTJOIN(" + ",TRUE,IF(L88=1,"UC",""),IF(M88=1,"BR",""),IF(N88=1,"WF",""))) -> UC + BR + WF
A89: HM-FR-088 | B89: 3.0 | C89: Interaction | D89: Super Admin | E89: Super Admin activates and deactivates Caretaker role assignments for hostels as required by administrative policy. | F89: HM-UC-022 | G89: 1 | H89: BR-HM-019 | I89: 1 | J89: HM-WF-106 | K89: 1 | L89: =IF(G89>0,1,0) -> 1 | M89: =IF(I89>0,1,0) -> 1 | N89: =IF(K89>0,1,0) -> 1 | O89: =IF(OR(L89=1,M89=1,N89=1),1,0) -> 1 | P89: =IF(O89=0,"Uncovered",_xlfn.TEXTJOIN(" + ",TRUE,IF(L89=1,"UC",""),IF(M89=1,"BR",""),IF(N89=1,"WF",""))) -> UC + BR + WF
A90: HM-FR-089 | B90: 3.3 | C90: Interaction | D90: Student | E90: Student views attendance status or attendance-related information made available under hostel policy. | F90: HM-UC-041 | G90: 1 | H90: BR-HM-012 | I90: 1 | K90: 0 | L90: =IF(G90>0,1,0) -> 1 | M90: =IF(I90>0,1,0) -> 1 | N90: =IF(K90>0,1,0) -> 0 | O90: =IF(OR(L90=1,M90=1,N90=1),1,0) -> 1 | P90: =IF(O90=0,"Uncovered",_xlfn.TEXTJOIN(" + ",TRUE,IF(L90=1,"UC",""),IF(M90=1,"BR",""),IF(N90=1,"WF",""))) -> UC + BR
A91: HM-FR-090 | B91: 3.4 | C91: Interaction | D91: Student | E91: Student views leave status and leave-history information made available under hostel policy. | F91: HM-UC-003 | G91: 1 | H91: BR-HM-012 | I91: 1 | J91: HM-WF-101 | K91: 1 | L91: =IF(G91>0,1,0) -> 1 | M91: =IF(I91>0,1,0) -> 1 | N91: =IF(K91>0,1,0) -> 1 | O91: =IF(OR(L91=1,M91=1,N91=1),1,0) -> 1 | P91: =IF(O91=0,"Uncovered",_xlfn.TEXTJOIN(" + ",TRUE,IF(L91=1,"UC",""),IF(M91=1,"BR",""),IF(N91=1,"WF",""))) -> UC + BR + WF
A92: HM-FR-091 | B92: 3.4 | C92: Interaction | D92: Warden | E92: Warden reviews leave information and leave summaries for oversight, control, and supervisory planning. | F92: HM-UC-005 | G92: 1 | H92: BR-HM-012 | I92: 1 | J92: HM-WF-101 | K92: 1 | L92: =IF(G92>0,1,0) -> 1 | M92: =IF(I92>0,1,0) -> 1 | N92: =IF(K92>0,1,0) -> 1 | O92: =IF(OR(L92=1,M92=1,N92=1),1,0) -> 1 | P92: =IF(O92=0,"Uncovered",_xlfn.TEXTJOIN(" + ",TRUE,IF(L92=1,"UC",""),IF(M92=1,"BR",""),IF(N92=1,"WF",""))) -> UC + BR + WF

Sheet Summary
A1: Counts and Coverage Summary
A3: Headline counts | D3: Coverage percentages | G3: Interpretive note
A4: Baseline FR count | B4: =COUNTA(FR_Coverage_Detail!A2:A2000) -> 91 | D4: UC coverage | E4: =B8/B4 -> 0.96703297 | G4: Use Cases and Workflows carry most baseline FR coverage; Business Rules cover the policy-bearing subset. Overall triad coverage is complete after repair.
A5: Final UC count | B5: =COUNTA(#REF!) -> 1 | D5: BR coverage | E5: =B9/B4 -> 0.68131868
A6: Final BR count | B6: =COUNTA(#REF!) -> 1 | D6: WF coverage | E6: =B10/B4 -> 0.92307692
A7: Final WF count | B7: =COUNTA(#REF!) -> 1 | D7: Overall triad coverage | E7: =B11/B4 -> 1
A8: FRs mapped to at least one UC | B8: =SUM(FR_Coverage_Detail!L2:L2000) -> 88
A9: FRs mapped to at least one BR | B9: =SUM(FR_Coverage_Detail!M2:M2000) -> 62
A10: FRs mapped to at least one WF | B10: =SUM(FR_Coverage_Detail!N2:N2000) -> 84
A11: FRs mapped to at least one artifact | B11: =SUM(FR_Coverage_Detail!O2:O2000) -> 91
A12: Uncovered FRs | B12: =B4-B11 -> 0
A15: Artifact-wise FR coverage
A16: UC | B16: =B8 -> 88
A17: BR | B17: =B9 -> 62
A18: WF | B18: =B10 -> 84
